current_mA,voltage_V
70.01,-0.01332
70.02,-0.01329
70.03,-0.01331
70.04,-0.01330
70.05,-0.01329
70.06,-0.01329
