l2_pos_deg,ch1_V,ch3_V
3.0000,0.24739,0.24667
6.0000,0.24739,None
9.0000,0.24664,0.24738
12.0000,0.24695,0.24706
