current_mA,voltage_V
72.01,0.78714
72.02,0.79015
72.03,0.78923
72.04,0.78492
72.05,0.78615
72.06,0.78658
72.07,0.78801
72.08,0.79042
72.09,0.78727
