current_mA,ch1_V,ch2_V
72.01,0.00076,
72.02,0.00074,
72.03,0.00072,
72.04,0.00073,
72.05,0.00079,
72.06,0.00074,
72.07,0.00073,
72.08,0.00074,
72.09,0.00073,
