current_mA,voltage_V
72.01,0.00423
72.02,0.00417
72.03,0.00418
72.04,0.00422
72.05,0.00425
72.06,0.00426
72.07,0.00418
72.08,0.00420
72.09,0.00421
72.10,0.00424
72.11,0.00423
72.12,0.00424
72.13,0.00421
72.14,0.00422
72.15,0.00421
