current_mA,ch1_V,ch3_V
72.01,0.17507,-0.00127
72.02,0.17526,-0.00129
72.03,0.17565,-0.00129
